Text,Start Location,End Location,Speaker,Is Quote
"The Capture,
Guardians of Ga’hoole,
By Kathryn Lasky,
CHAPTER ONE,
A Nest Remembered,



Noctus, can you spare a bit more down, darling? I think our third little one is about to arrive. That egg is beginning to crack.”",0,220,Narrator,False
“Not again!”,220,232,Kludd,True
sighed Kludd.,232,248,Narrator,False
"“What do you mean, Kludd, not again? Don’t you want another little brother?”",248,324,Noctus,True
his father said. There was an edge to his voice.,324,375,Narrator,False
“Or sister?”,375,387,Noctus,True
His mother sighed the low soft whistle Barn Owls sometimes used.,387,454,Narrator,False
"“I’d like a sister,”",454,474,Soren,True
Soren peeped up.,474,493,Narrator,False
“You just hatched out two weeks ago.”,493,530,Kludd,True
"Kludd turned to Soren, his younger brother.",530,575,Narrator,False
“What do you know about sisters?”,575,608,Kludd,True
"Maybe, Soren thought to himself, they would be better than brothers. Kludd seemed to have resented him since the moment he had first hatched.",608,753,Narrator,False
"“You really wouldn’t want them arriving just when you’re about to begin branching,”",753,836,Kludd,True
"Kludd said dully. Branching was the first step, literally, toward flight. The young owlets would begin by hopping from branch to branch and flapping their wings.",836,1000,Narrator,False
"“Now, now, Kludd!”",1000,1018,Noctus,True
his father admonished.,1018,1042,Narrator,False
"“Don’t be impatient. There’ll be time for branching. Remember, you won’t have your flight feathers for at least another month or more.”",1042,1177,Noctus,True
Soren was just about to ask what a month was when he heard a crack. The owl family all seemed to freeze. To any other forest creature the sound would have been imperceptible. But Barn Owls were blessed with extraordinary hearing.,1177,1410,Narrator,False
“It’s coming!”,1410,1424,Soren's mother,True
Soren’s mother gasped.,1424,1448,Narrator,False
“I’m so excited.”,1448,1465,Soren's mother,True
She sighed again and looked rapturously at the pure white egg as it rocked back and forth. A tiny hole appeared and from it protruded a small spur.,1465,1615,Narrator,False
"“Its egg tooth, by Glaux!”",1615,1641,Noctus,True
Soren’s father exclaimed.,1641,1669,Narrator,False
"“Mine was bigger wasn’t it, Da?”",1669,1701,Kludd,True
"Kludd shoved Soren aside for a better look, but Soren crept back up under his father’s wing.",1701,1796,Narrator,False
"“Oh, I don’t know, son. But isn’t it a pretty, glistening little point. Always gives me a thrill. Such a tiny little thing pecking its way into the big wide world. Ah! Bless my gizzard, the wonder of it all.”",1796,2004,Noctus,True
It did indeed seem a wonder. Soren stared at the hole that now began to split into two or three cracks. The egg shuddered slightly and the cracks grew longer and wider. He had done this himself just two weeks ago. This was exciting.,2004,2240,Narrator,False
"“What happened to my egg tooth, Mum?”",2240,2277,Soren,True
"“It dropped off, stupid,”",2279,2304,Kludd,True
Kludd said.,2304,2318,Narrator,False
"“Oh,”",2318,2323,Soren,True
Soren said quietly. His parents were so absorbed in the hatching that they didn’t reprimand Kludd for his rudeness.,2323,2441,Narrator,False
“Where’s Mrs. P.? Mrs. P.?”,2441,2468,Soren's mother,True
his mother said urgently.,2468,2496,Narrator,False
"“Right here, ma’am.”",2496,2516,Mrs. Plithiver,True
"Mrs. Plithiver, the old blind snake who had been with the owl family for years and years, slithered into the hollow. Blind snakes, born without eyes, served as nest-maids and were kept by many owls to make sure the nests were clean and free of maggots and various insects that found their way into the hollows.",2516,2829,Narrator,False
"“Mrs. P., no maggots or vermin in that corner where Noctus put in fresh down.”",2829,2907,Soren's mother,True
"“‘Course not, ma’am. Now, how many broods of owlets have I been through with you?”",2909,2991,Mrs. Plithiver,True
"“Oh, sorry, Mrs. P. How could I have ever doubted you? I’m always nervous at the hatching. Each one is just like the first time. I never get used to it.”",2993,3146,Soren's mother,True
"“Don’t you apologize, ma’am. You think any other birds would care two whits if their nest was clean? The stories I’ve heard about seagulls! Oh, my goodness! Well, I won’t even go into it.”",3148,3336,Mrs. Plithiver,True
"Blind snakes prided themselves on working for owls, whom they considered the noblest of birds. Meticulous, the blind snakes had great disdain for other birds that they felt were less clean due to their unfortunate digestive processes that caused them to eliminate only sloppy wet droppings instead of nice neat bundles—the pellets that owls yarped, or spit up. Although owls did digest the soft parts of their food in a manner similar to other birds, and indeed passed it in a liquid form, for some reason they were never associated with these lesser digestive processes. All the fur and bones and tiny teeth of their prey, like mice, that could not be digested in the ordinary way were pressed into little pellets just the shape and size of the owl’s gizzard. Several hours after eating, the owls would yarp them up.",3336,4156,Narrator,False
“Wet poopers”,4156,4169,Mrs. Plithiver,True
"is how many nest-maid snakes referred to other birds. Of course, Mrs. Plithiver was much too proper to use such coarse language.",4169,4300,Narrator,False
“Mum!”,4300,4306,Soren,True
Soren gasped.,4306,4321,Narrator,False
“Look at that.”,4321,4336,Soren,True
"The nest suddenly seemed to reverberate with a huge cracking sound. Again, only huge to the ear slits of Barn Owls. Now the egg split. A pale slimy blob flopped out.",4336,4504,Narrator,False
“It’s a girl!”,4504,4518,Soren's mother,True
A long shree call streamed from his mother’s throat. It was the shree of pure happiness.,4518,4608,Narrator,False
“Adorable!”,4608,4619,Soren's mother,True
Soren’s mother sighed.,4619,4644,Narrator,False
“Enchanting!”,4644,4657,Soren's father,True
"said Soren’s father.

Kludd yawned and Soren stared dumbfounded at the wet naked thing with its huge bulging eyes sealed tightly shut.",4657,4794,Narrator,False
"“What’s wrong with her head, Mum?”",4794,4828,Soren,True
Soren asked.,4828,4843,Narrator,False
"“Nothing, dear. Chicks just have very large heads. It takes a while for their bodies to catch up.”",4843,4941,Soren's mother,True
"“Not to mention their brains,”",4943,4973,Kludd,True
Kludd muttered.,4973,4991,Narrator,False
"“So they can’t hold their heads up right away,”",4991,5038,Soren's mother,True
said his mother.,5038,5056,Narrator,False
“You were the same way.”,5056,5080,Soren's mother,True
“What shall we call the little dear?”,5082,5119,Soren's father,True
Soren’s father asked.,5119,5143,Narrator,False
"“Eglantine,”",5143,5155,Soren,True
"“Eglantine,”",5143,5155,Soren,True
Soren’s mother replied immediately.,5155,5192,Narrator,False
“I have always wanted a little Eglantine.”,5192,5234,Soren's mother,True
"“Oooh! Mum, I love that name,”",5236,5266,Soren,True
"Soren said. He softly repeated the name. Then he tipped toward the little pulsing mass of white. “Eglantine,” he whispered softly, and he thought he saw one little sealed eye open just a slit and a tiny voice seemed to say",5266,5490,Narrator,False
“hi.”,5490,5495,Soren,True
"Soren loved his little sister immediately.

One second, Eglantine had been this quivering little wet blob, and then, minutes later, it seemed as if she had turned into a fluffy white ball of down. She grew stronger quickly, or so it appeared to Soren. His parents assured him that he, too, had done exactly the same. That evening it was time for her First Insect ceremony. Her eyes were fully open and she was bawling with hunger. Eglantine could hardly make it through her father’s",5495,5979,Narrator,False
“Welcome to Tyto”,5979,5996,Soren's father,True
speech.,5996,6006,Narrator,False
"“Little Eglantine, welcome to the Forest of Tyto, forest of the Barn Owls, or Tyto alba, as we are more formally known. Once upon a time, long long ago, we did indeed live in barns. But now, we and other Tyto cousins live in this forest kingdom known as Tyto. We are rare indeed and we are perhaps the smallest of all the owl kingdoms. Although, in truth, it has been a long long time since we had a king. Someday when you grow up, when you enter your second year, you, too, will fly out from this hollow and find one of your own in which to live with a mate.”",6006,6566,Soren's father,True
"This was the part of the speech that amazed and disturbed Soren. He simply could not imagine growing up and having a nest of his own. How could he be separated from his parents? And yet there was this urge to fly, even now with his stubby little wings that lacked even the smallest sign of true flight feathers.",6566,6880,Narrator,False
"“And now,”",6880,6890,Soren's father,True
"Soren’s father continued,",6890,6917,Narrator,False
“it is time for your First Insect ceremony.”,6917,6961,Soren's father,True
He turned to Soren’s mother.,6961,6991,Narrator,False
"“Marella, my dear, can you bring forward the cricket?”",6991,7045,Soren's father,True
Soren’s mother stepped up. In her beak she held one of the summer’s last crickets.,7045,7130,Narrator,False
"“Eat up, young’un! Headfirst. Yes, down the beak. Yes, always headfirst—that’s the proper way, be it cricket, mouse, or vole.”",7130,7256,Soren's mother,True
"“Mmmm,”",7258,7265,Soren's father,True
sighed Soren’s father as he watched his daughter swallow the cricket.,7265,7336,Narrator,False
"“Dizzy in the gizzy, ain’t it so?!”",7336,7371,Soren's father,True
"Kludd blinked and yawned. Sometimes his parents really embarrassed him, especially his da with his stupid jokes.",7371,7486,Narrator,False
“Wit of the wood!”,7486,7504,Kludd,True
muttered Kludd.,7504,7521,Narrator,False
