Text,Start Location,End Location,Is Quote,Speaker
"The Capture,
Guardians of Ga’hoole,
By Kathryn Lasky,
CHAPTER ONE,
A Nest Remembered,



Noctus, can you spare a bit more down, darling? I think our third little one is about to arrive. That egg is beginning to crack.”",0,220,False,Narrator
sighed Kludd.,232,248,False,Narrator
his father said. There was an edge to his voice.,324,375,False,Narrator
His mother sighed the low soft whistle Barn Owls sometimes used.,387,454,False,Narrator
Soren peeped up.,474,493,False,Narrator
"Kludd turned to Soren, his younger brother.",530,575,False,Narrator
"Maybe, Soren thought to himself, they would be better than brothers. Kludd seemed to have resented him since the moment he had first hatched.",608,753,False,Narrator
"Kludd said dully. Branching was the first step, literally, toward flight. The young owlets would begin by hopping from branch to branch and flapping their wings.",836,1000,False,Narrator
his father admonished.,1018,1042,False,Narrator
Soren was just about to ask what a month was when he heard a crack. The owl family all seemed to freeze. To any other forest creature the sound would have been imperceptible. But Barn Owls were blessed with extraordinary hearing.,1177,1410,False,Narrator
Soren’s mother gasped.,1424,1448,False,Narrator
She sighed again and looked rapturously at the pure white egg as it rocked back and forth. A tiny hole appeared and from it protruded a small spur.,1465,1615,False,Narrator
Soren’s father exclaimed.,1641,1669,False,Narrator
"Kludd shoved Soren aside for a better look, but Soren crept back up under his father’s wing.",1701,1796,False,Narrator
It did indeed seem a wonder. Soren stared at the hole that now began to split into two or three cracks. The egg shuddered slightly and the cracks grew longer and wider. He had done this himself just two weeks ago. This was exciting.,2004,2240,False,Narrator
Kludd said.,2304,2318,False,Narrator
Soren said quietly. His parents were so absorbed in the hatching that they didn’t reprimand Kludd for his rudeness.,2323,2441,False,Narrator
his mother said urgently.,2468,2496,False,Narrator
"Mrs. Plithiver, the old blind snake who had been with the owl family for years and years, slithered into the hollow. Blind snakes, born without eyes, served as nest-maids and were kept by many owls to make sure the nests were clean and free of maggots and various insects that found their way into the hollows.",2516,2829,False,Narrator
"Blind snakes prided themselves on working for owls, whom they considered the noblest of birds. Meticulous, the blind snakes had great disdain for other birds that they felt were less clean due to their unfortunate digestive processes that caused them to eliminate only sloppy wet droppings instead of nice neat bundles—the pellets that owls yarped, or spit up. Although owls did digest the soft parts of their food in a manner similar to other birds, and indeed passed it in a liquid form, for some reason they were never associated with these lesser digestive processes. All the fur and bones and tiny teeth of their prey, like mice, that could not be digested in the ordinary way were pressed into little pellets just the shape and size of the owl’s gizzard. Several hours after eating, the owls would yarp them up.",3336,4156,False,Narrator
"is how many nest-maid snakes referred to other birds. Of course, Mrs. Plithiver was much too proper to use such coarse language.",4169,4300,False,Narrator
Soren gasped.,4306,4321,False,Narrator
"The nest suddenly seemed to reverberate with a huge cracking sound. Again, only huge to the ear slits of Barn Owls. Now the egg split. A pale slimy blob flopped out.",4336,4504,False,Narrator
A long shree call streamed from his mother’s throat. It was the shree of pure happiness.,4518,4608,False,Narrator
Soren’s mother sighed.,4619,4644,False,Narrator
"said Soren’s father.

Kludd yawned and Soren stared dumbfounded at the wet naked thing with its huge bulging eyes sealed tightly shut.",4657,4794,False,Narrator
Soren asked.,4828,4843,False,Narrator
Kludd muttered.,4973,4991,False,Narrator
said his mother.,5038,5056,False,Narrator
Soren’s father asked.,5119,5143,False,Narrator
Soren’s mother replied immediately.,5155,5192,False,Narrator
"Soren said. He softly repeated the name. Then he tipped toward the little pulsing mass of white. “Eglantine,” he whispered softly, and he thought he saw one little sealed eye open just a slit and a tiny voice seemed to say",5266,5490,False,Narrator
"Soren loved his little sister immediately.

One second, Eglantine had been this quivering little wet blob, and then, minutes later, it seemed as if she had turned into a fluffy white ball of down. She grew stronger quickly, or so it appeared to Soren. His parents assured him that he, too, had done exactly the same. That evening it was time for her First Insect ceremony. Her eyes were fully open and she was bawling with hunger. Eglantine could hardly make it through her father’s",5495,5979,False,Narrator
speech.,5996,6006,False,Narrator
"This was the part of the speech that amazed and disturbed Soren. He simply could not imagine growing up and having a nest of his own. How could he be separated from his parents? And yet there was this urge to fly, even now with his stubby little wings that lacked even the smallest sign of true flight feathers.",6566,6880,False,Narrator
"Soren’s father continued,",6890,6917,False,Narrator
He turned to Soren’s mother.,6961,6991,False,Narrator
Soren’s mother stepped up. In her beak she held one of the summer’s last crickets.,7045,7130,False,Narrator
sighed Soren’s father as he watched his daughter swallow the cricket.,7265,7336,False,Narrator
"Kludd blinked and yawned. Sometimes his parents really embarrassed him, especially his da with his stupid jokes.",7371,7486,False,Narrator
muttered Kludd.,7504,7521,False,Narrator
