Quote,Start Location,End Location,Is Quote,Speaker
“Not again!”,220,232,True,Kludd
"“What do you mean, Kludd, not again? Don’t you want another little brother?”",248,324,True,Noctus
“Or sister?”,375,387,True,Noctus
"“I’d like a sister,”",454,474,True,Soren
“You just hatched out two weeks ago.”,493,530,True,Kludd
“What do you know about sisters?”,575,608,True,Kludd
"“You really wouldn’t want them arriving just when you’re about to begin branching,”",753,836,True,Kludd
"“Now, now, Kludd!”",1000,1018,True,Noctus
"“Don’t be impatient. There’ll be time for branching. Remember, you won’t have your flight feathers for at least another month or more.”",1042,1177,True,Noctus
“It’s coming!”,1410,1424,True,Soren's mother
“I’m so excited.”,1448,1465,True,Soren's mother
"“Its egg tooth, by Glaux!”",1615,1641,True,Noctus
"“Mine was bigger wasn’t it, Da?”",1669,1701,True,Kludd
"“Oh, I don’t know, son. But isn’t it a pretty, glistening little point. Always gives me a thrill. Such a tiny little thing pecking its way into the big wide world. Ah! Bless my gizzard, the wonder of it all.”",1796,2004,True,Noctus
"“What happened to my egg tooth, Mum?”",2240,2277,True,Soren
"“It dropped off, stupid,”",2279,2304,True,Kludd
"“Oh,”",2318,2323,True,Soren
“Where’s Mrs. P.? Mrs. P.?”,2441,2468,True,Soren's mother
"“Right here, ma’am.”",2496,2516,True,Mrs. Plithiver
"“Mrs. P., no maggots or vermin in that corner where Noctus put in fresh down.”",2829,2907,True,Soren's mother
"“‘Course not, ma’am. Now, how many broods of owlets have I been through with you?”",2909,2991,True,Mrs. Plithiver
"“Oh, sorry, Mrs. P. How could I have ever doubted you? I’m always nervous at the hatching. Each one is just like the first time. I never get used to it.”",2993,3146,True,Soren's mother
"“Don’t you apologize, ma’am. You think any other birds would care two whits if their nest was clean? The stories I’ve heard about seagulls! Oh, my goodness! Well, I won’t even go into it.”",3148,3336,True,Mrs. Plithiver
“Wet poopers”,4156,4169,True,Mrs. Plithiver
“Mum!”,4300,4306,True,Soren
“Look at that.”,4321,4336,True,Soren
“It’s a girl!”,4504,4518,True,Soren's mother
“Adorable!”,4608,4619,True,Soren's mother
“Enchanting!”,4644,4657,True,Soren's father
"“What’s wrong with her head, Mum?”",4794,4828,True,Soren
"“Nothing, dear. Chicks just have very large heads. It takes a while for their bodies to catch up.”",4843,4941,True,Soren's mother
"“Not to mention their brains,”",4943,4973,True,Kludd
"“So they can’t hold their heads up right away,”",4991,5038,True,Soren's mother
“You were the same way.”,5056,5080,True,Soren's mother
“What shall we call the little dear?”,5082,5119,True,Soren's father
"“Eglantine,”",5143,5155,True,Soren
“I have always wanted a little Eglantine.”,5192,5234,True,Soren's mother
"“Oooh! Mum, I love that name,”",5236,5266,True,Soren
"“Eglantine,”",5143,5155,True,Soren
“hi.”,5490,5495,True,Soren
“Welcome to Tyto”,5979,5996,True,Soren's father
"“Little Eglantine, welcome to the Forest of Tyto, forest of the Barn Owls, or Tyto alba, as we are more formally known. Once upon a time, long long ago, we did indeed live in barns. But now, we and other Tyto cousins live in this forest kingdom known as Tyto. We are rare indeed and we are perhaps the smallest of all the owl kingdoms. Although, in truth, it has been a long long time since we had a king. Someday when you grow up, when you enter your second year, you, too, will fly out from this hollow and find one of your own in which to live with a mate.”",6006,6566,True,Soren's father
"“And now,”",6880,6890,True,Soren's father
“it is time for your First Insect ceremony.”,6917,6961,True,Soren's father
"“Marella, my dear, can you bring forward the cricket?”",6991,7045,True,Soren's father
"“Eat up, young’un! Headfirst. Yes, down the beak. Yes, always headfirst—that’s the proper way, be it cricket, mouse, or vole.”",7130,7256,True,Soren's mother
"“Mmmm,”",7258,7265,True,Soren's father
"“Dizzy in the gizzy, ain’t it so?!”",7336,7371,True,Soren's father
“Wit of the wood!”,7486,7504,True,Kludd
